Workbook

Sheet Doanh thu Q1
A1: Mã đơn | B1: Khu vực | C1: Sản phẩm | D1: Số lượng (X) | E1: Đơn giá (Y, đồng) | F1: Giảm giá (Z) | G1: Doanh thu (đồng)
A2: Q1-001 | B2: Bắc | C2: Áo thun | D2: 100 | E2: 50000 | F2: 0.1 | G2: =D2*E2*(1-IF(F2>1,F2/100,F2)) -> 4500000
A3: Q1-002 | B3: Bắc | C3: Quần jeans | D3: 40 | E3: 120000 | F3: 0.05 | G3: =D3*E3*(1-IF(F3>1,F3/100,F3)) -> 4560000
A4: Q1-003 | B4: Nam | C4: Áo thun | D4: 80 | E4: 50000 | F4: 10 | G4: =D4*E4*(1-IF(F4>1,F4/100,F4)) -> 3600000
A5: Q1-004 | B5: Nam | C5: Quần jeans | D5: 30 | E5: 120000 | G5: =D5*E5*(1-IF(F5>1,F5/100,F5)) -> 3600000
A6: Q1-005 | B6: Trung | C6: Mũ lưỡi trai | D6: 200 | E6: 20000 | F6: 0.15 | G6: =D6*E6*(1-IF(F6>1,F6/100,F6)) -> 3400000
A7: Q1-006 | B7: Trung | C7: Quần jeans | D7: 25 | E7: 120000 | F7: 0.2 | G7: =D7*E7*(1-IF(F7>1,F7/100,F7)) -> 2400000
A8: Tổng | D8: =SUM(D2:D7) -> 475 | G8: =SUM(G2:G7) -> 22060000
A9: Tổng (không tính dòng ẩn) | D9: =SUBTOTAL(109,D2:D7) -> 275 | G9: =SUBTOTAL(109,G2:G7) -> 18660000

Sheet Doanh thu Q2
A1: Mã đơn | B1: Khu vực | C1: Sản phẩm | D1: Số lượng (X) | E1: Đơn giá (Y, đồng) | F1: Giảm giá (Z) | G1: Doanh thu (đồng) | H1: Đơn giá bình quân | I1: Đối chiếu Q1
A2: Q2-001 | B2: Bắc | C2: Áo thun | D2: 120 | E2: 50000 | F2: 0.1 | G2: =D2*E2*(1-IF(F2>1,F2/100,F2)) -> 5400000 | H2: =G2/D2 -> 45000 | I2: =VLOOKUP(A2,'Doanh thu Q1'!$A$2:$G$7,7,FALSE) -> #N/A
A3: Q2-002 | B3: Bắc | C3: Quần jeans | D3: 50 | E3: 120000 | F3: 0.05 | G3: =D3*E3*(1-IF(F3>1,F3/100,F3)) -> 5700000 | H3: =G3/D3 -> 114000
A4: Q2-003 | B4: Nam | C4: Áo thun | D4: 90 | E4: 50000 | F4: 10 | G4: =D4*E4*(1-IF(F4>1,F4/100,F4)) -> 4050000 | H4: =G4/D4 -> 45000
A5: Q2-004 | B5: Trung | C5: Mũ lưỡi trai | D5: 0 | E5: 20000 | G5: =D5*E5*(1-IF(F5>1,F5/100,F5)) -> 0 | H5: =G5/D5 -> #DIV/0!
A6: Q2-005 | B6: Trung | C6: Quần jeans | D6: 35 | E6: 120000 | F6: 0.2 | G6: =D6*E6*(1-IF(F6>1,F6/100,F6)) -> 3360000 | H6: =G6/D6 -> 96000
A7: Tổng | D7: =SUM(D2:D6) -> 295 | G7: =SUM(G2:G6) -> 18510000
A8: Tổng (không tính dòng ẩn) | D8: =SUBTOTAL(109,D2:D6) -> 260 | G8: =SUBTOTAL(109,G2:G6) -> 15150000

Sheet Tổng hợp
A1: Khu vực | B1: Doanh thu Q1 | C1: Doanh thu Q2 | D1: Tổng | E1: Tỷ trọng
A2: Bắc | B2: =SUMIF('Doanh thu Q1'!$B$2:$B$7,$A2,'Doanh thu Q1'!$G$2:$G$7) -> 9060000 | C2: =SUMIF('Doanh thu Q2'!$B$2:$B$6,$A2,'Doanh thu Q2'!$G$2:$G$6) -> 11100000 | D2: =B2+C2 -> 20160000 | E2: =D2/$D$5 -> 0.49691891
A3: Nam | B3: =SUMIF('Doanh thu Q1'!$B$2:$B$7,$A3,'Doanh thu Q1'!$G$2:$G$7) -> 7200000 | C3: =SUMIF('Doanh thu Q2'!$B$2:$B$6,$A3,'Doanh thu Q2'!$G$2:$G$6) -> 4050000 | D3: =B3+C3 -> 11250000 | E3: =D3/$D$5 -> 0.2772985
A4: Trung | B4: =SUMIF('Doanh thu Q1'!$B$2:$B$7,$A4,'Doanh thu Q1'!$G$2:$G$7) -> 5800000 | C4: =SUMIF('Doanh thu Q2'!$B$2:$B$6,$A4,'Doanh thu Q2'!$G$2:$G$6) -> 3360000 | D4: =B4+C4 -> 9160000 | E4: =D4/$D$5 -> 0.2257826
A5: Tổng cộng | B5: =SUM(B2:B4) -> 22060000 | C5: =SUM(C2:C4) -> 18510000 | D5: =SUM(D2:D4) -> 40570000 | E5: =SUM(E2:E4) -> 1
A7: Tham chiếu hỏng | B7: =#REF! -> #REF!

Sheet Ghi chú
A1: Ghi chú về workbook mẫu
A2: Dữ liệu tổng hợp để kiểm thử, không phải dữ liệu khách hàng.
A3: Cột X là số lượng, cột Y là đơn giá (đồng), cột Z là giảm giá.
A4: Giảm giá (Z) được nhập theo hai cách: số 10 (nghĩa là 10 phần trăm) và 10% (giá trị 0,1 định dạng phần trăm).
A5: Ô giảm giá để trống nghĩa là không giảm giá.
A6: Dòng ẩn: Q1-005 trong Doanh thu Q1 và Q2-005 trong Doanh thu Q2.
A7: Một số ô cố ý chứa lỗi: #DIV/0!, #N/A và #REF!.
